{
    "name": [
        "435.23_440_445_-3_-3_-3_1_2_3_20000_20000_1_1_0_1_0_2_-10.wav"
    ],
    "mapping": [
        [
            "o_freq1",
            "o_freq2",
            "o_freq3",
            "o_shape1",
            "o_shape2",
            "o_shape3",
            "f_freq1",
            "f_freq2",
            "f_freq2",
            "f_type1",
            "f_type2",
            "a_attack",
            "a_decay",
            "a_sustain",
            "a_release"
        ]
    ],
    "features": [
        -455.6542053222656,
        1.141638159751892,
        -3.2502052783966064,
        2.963775873184204,
        -2.5575685501098633,
        0.12496036291122437,
        -2.789637565612793,
        -1.3036744594573975,
        -3.554069995880127,
        -1.28598952293396,
        0.006336251273751259,
        0.017360864207148552,
        0.006240911316126585,
        0.008613884449005127,
        0.05270211398601532,
        0.021153239533305168,
        0.005964841693639755,
        0.015007032081484795,
        0.0718696191906929,
        0.20227812230587006,
        0.10774552077054977,
        0.014286496676504612,
        1207.3420301317199,
        2388.09282835405,
        6784.593193328015,
        0.0,
        12.356572235219895,
        2.685640155448724,
        38.2643053821724,
        1.3720856519320392
    ],
    "labels": [
        435.23,
        440,
        445,
        -3,
        -3,
        -3,
        1,
        2,
        3,
        20000,
        20000,
        1,
        1,
        0,
        1,
        0,
        2,
        -10
    ]
}